distancia,densidad
9.9,1.5003
32.5,0.25253
14.45,4.6289
5.53,4.109
25.58,1.7585
8.4,3.0572
32.75,0.10398
19.74,5.2189
-32.5,2.649
-6.58,2.932
-31.14,2.8075
-20.1,2.4071
-25,2.7983
-28.83,1.9084
-19.92,1.7769
-9.3,0.86439